,weight,hit_rate,avg_return,activation_rate,contribution,recommendation
pc_ratio,0.2,31.25,2.5698715783996375,66.66666666666666,0.5353899121665912,DECREASE
iv_skew,0.2,62.5,1.469506483385195,66.66666666666666,0.6122943680771645,INCREASE
iv_premium,0.15,87.5,1.9264978466073508,100.0,1.685685615781432,INCREASE
term_structure,0.15,50.0,1.9264978466073508,100.0,0.9632489233036754,KEEP
volume,0.15,20.0,1.8911418373653448,62.5,0.2363927296706681,DECREASE
sentiment,0.15,61.111111111111114,2.202787143344631,75.0,1.009610774032956,INCREASE
