{
  "pc_ratio": 0.15308645758786701,
  "iv_skew": 0.16071190036188834,
  "iv_premium": 0.24214375059202425,
  "term_structure": 0.17051071462401385,
  "volume": 0.09843946408507828,
  "sentiment": 0.17510771274912823
}